Country,1997-Q1,1997-Q2,1997-Q3,1997-Q4,1998-Q1,1998-Q2,1998-Q3,1998-Q4,1999-Q1,1999-Q2,1999-Q3,1999-Q4,2000-Q1,2000-Q2,2000-Q3,2000-Q4,2001-Q1,2001-Q2,2001-Q3,2001-Q4,2002-Q1,2002-Q2,2002-Q3,2002-Q4,2003-Q1,2003-Q2,2003-Q3,2003-Q4,2004-Q1,2004-Q2,2004-Q3,2004-Q4,2005-Q1,2005-Q2,2005-Q3,2005-Q4,2006-Q1,2006-Q2,2006-Q3,2006-Q4,2007-Q1,2007-Q2,2007-Q3,2007-Q4,2008-Q1,2008-Q2,2008-Q3,2008-Q4,2009-Q1,2009-Q2,2009-Q3,2009-Q4,2010-Q1,2010-Q2,2010-Q3,2010-Q4,2011-Q1,2011-Q2,2011-Q3,2011-Q4,2012-Q1,2012-Q2,2012-Q3,2012-Q4,2013-Q1,2013-Q2,2013-Q3,2013-Q4,2014-Q1,2014-Q2,2014-Q3,2014-Q4,2015-Q1,2015-Q2,2015-Q3,2015-Q4,2016-Q1,2016-Q2,2016-Q3,2016-Q4,2017-Q1,2017-Q2,2017-Q3
GRC,0.575928,1.69888,1.603507,0.958918,1.196731,0.435342,0.321135,0.80192,0.787511,0.890007,0.374556,1.600013,0.374477,0.927402,1.912093,1.427764,1.183643,-0.228786,1.635668,0.231324,0.846064,2.241143,0.560803,0.780368,2.104623,1.757993,0.612247,2.145353,1.829398,-0.047531,1.329635,-0.402819,-0.532727,0.200224,1.405751,0.520599,3.226134,0.340865,0.470008,2.545922,-0.817608,2.953327,-0.625175,-0.5262,0.626908,-0.628613,-0.105735,-1.377856,-4.737648,2.745962,-0.753314,0.160152,-1.613823,-3.103286,-3.522471,-1.178568,-2.87831,-1.541845,-2.052733,-3.983268,-1.088271,-1.801395,-1.235396,-0.062553,-2.190932,0.077086,0.444509,-0.603671,0.833146,-0.178124,1.240776,-1.314465,0.316274,0.188044,-1.56397,1.620473,-0.618119,-0.371356,0.597215,-0.481561,0.667731,0.800129,0.309671
USA,0.762181,1.50858,1.273317,0.775943,0.989418,0.969858,1.3082,1.641532,0.798501,0.824709,1.258522,1.735819,0.290173,1.888771,0.120278,0.5684,-0.28436,0.530084,-0.316255,0.277527,0.920791,0.551728,0.48683,0.063655,0.517995,0.927929,1.674776,1.169225,0.575066,0.733017,0.908936,0.864359,1.065957,0.522119,0.84008,0.571525,1.20139,0.298815,0.089434,0.782715,0.061779,0.764918,0.672588,0.356911,-0.682601,0.496372,-0.479264,-2.112984,-1.38552,-0.135374,0.326835,0.968056,0.432846,0.966036,0.674932,0.630112,-0.386237,0.72745,0.210773,1.125786,0.663452,0.466809,0.119688,0.022444,0.699572,0.191591,0.771682,0.975569,-0.230202,1.131234,1.278177,0.500071,0.799915,0.678405,0.405191,0.121203,0.144758,0.554824,0.687922,0.436711,0.307511,0.756334,0.779804
LUX,1.562285,2.065198,2.286236,0.302693,1.297057,2.46349,1.535429,0.452143,2.56055,2.656519,3.522796,0.677798,5.217093,-1.148454,1.432726,0.422661,2.011941,-1.988108,1.124826,2.787646,0.852775,1.890755,-1.026146,-0.34199,-0.838697,2.589374,0.38548,2.602409,-0.357193,0.432031,1.143802,1.279331,-0.46727,1.216136,1.967714,0.411824,2.292076,0.026608,1.292107,2.146809,3.644411,2.528071,0.636363,0.026414,0.225214,-1.175526,-1.207427,-3.928558,-0.67698,-1.344328,1.470055,1.563969,1.508768,1.916143,0.070635,0.898461,1.713406,-0.857487,0.817311,-0.449329,-1.228903,1.360805,-0.36323,0.704144,1.454778,2.156441,1.301055,-3.011073,5.77021,-1.388433,3.28505,2.070076,0.968134,-1.081803,-1.235144,2.167674,-0.121464,2.580203,0.39226,1.299665,-0.459414,0.703347,1.650476
ISR,0.997387,0.793291,-0.189475,1.9412,1.397628,0.030343,0.811224,0.845341,-0.966868,4.343923,0.381888,2.045479,2.181072,3.024432,3.057143,-0.302325,-1.13396,-0.510089,-1.038838,-0.563329,0.345813,0.557974,0.109109,-0.315076,1.163509,-0.289636,0.811069,0.370605,2.281884,1.153459,1.173762,1.315607,0.557305,1.001173,1.268516,1.662225,1.895653,1.634417,-0.742347,1.845588,1.988648,1.830821,1.776342,1.289958,0.707895,0.234345,0.203909,-0.586708,0.06216,0.891331,1.19143,1.323327,1.497239,1.528442,0.923927,1.435864,1.558176,1.244588,1.634709,0.423387,-0.008306,0.033305,1.011927,0.950872,1.057177,1.679864,0.907759,0.562036,0.908186,0.80123,0.481905,1.513302,0.550654,0.020613,0.358254,1.046606,1.097795,1.333505,1.032008,1.164762,0.247636,0.662773,0.860782
SWE,0.595645,1.256314,0.99717,1.688937,0.239724,1.622056,0.524932,1.117662,1.495596,0.330167,1.007479,1.831222,0.717389,2.176692,0.857107,0.265252,-0.240696,0.442744,0.607054,0.599238,-0.036784,1.37864,0.191607,0.456661,1.193746,-0.409706,1.361488,0.619726,1.532673,0.727206,0.864083,0.819544,0.124847,1.053573,0.949931,0.664851,1.949016,1.154453,1.312805,0.577024,0.85526,0.73091,0.763659,1.300364,-1.342663,0.195161,-0.213741,-3.727657,-2.516007,0.052329,0.070768,0.570603,2.371203,2.181479,1.275945,1.824674,-0.100527,0.300051,0.966581,-1.676758,0.417251,0.666561,-0.084984,-0.47516,1.176306,-0.353179,0.680874,0.815457,0.701756,0.774263,0.392347,1.359935,1.008556,0.948766,1.491545,1.307462,0.259736,0.501069,0.503042,0.515504,0.460653,1.155523,0.762348
DEU,-0.601504,1.412131,0.386146,0.711036,0.801559,-0.321501,0.264946,-0.022983,0.801568,0.216596,1.046534,1.249574,0.93956,1.013441,-0.141768,0.076452,1.634062,0.085889,-0.289637,0.118342,-0.308947,0.258706,0.473059,-0.214017,-1.211775,0.021715,0.499232,0.367172,-0.024217,0.344379,-0.182331,0.096709,-0.193215,0.666803,0.811965,0.381525,0.931645,1.600411,0.998661,1.304792,0.409987,0.741557,0.845511,0.276194,0.877946,-0.273035,-0.361787,-1.933268,-4.48549,0.07334,0.596736,0.915806,0.734704,2.047503,0.812597,0.835905,1.766414,0.174556,0.474351,0.019263,0.315472,0.096022,0.230234,-0.449841,-0.221136,0.886494,0.506207,0.408634,0.880174,-0.168876,0.319522,0.889928,0.11143,0.445179,0.32318,0.423379,0.632392,0.464473,0.33542,0.415611,0.890767,0.633202,0.824172
GBR,1.445824,1.071744,0.595896,1.225969,0.553375,0.586111,0.731457,1.041937,0.601674,0.069484,1.754532,1.415516,0.932267,0.718705,0.296207,0.209705,1.011225,0.827337,0.643667,0.328934,0.48239,0.717083,0.80506,0.94518,0.621308,0.906033,0.997355,0.778028,0.518162,0.42199,0.230553,0.362973,0.846976,1.09408,1.05606,1.466883,0.263276,0.202545,0.079269,0.364815,0.90199,0.715878,0.66214,0.803908,0.272135,-0.676134,-1.601041,-2.1765,-1.598255,-0.225247,0.155207,0.266714,0.537963,0.899862,0.464112,0.072204,0.587025,0.148105,0.38061,0.190045,0.646495,-0.106714,1.151033,-0.145046,0.63845,0.540582,0.850366,0.518907,0.858979,0.85298,0.761145,0.761225,0.342599,0.574813,0.416545,0.725824,0.211581,0.47589,0.540971,0.748308,0.295536,0.304515,0.386034
CAN,1.319449,1.126081,1.194758,0.958433,1.402205,0.043497,0.927627,1.350892,1.812465,0.839816,1.55773,1.421416,1.596,1.191249,1.010155,0.178002,0.520403,0.25811,-0.07571,0.613057,1.48979,0.570013,0.873704,0.553905,0.550926,-0.148371,0.376953,0.685699,0.720986,1.182448,1.188855,0.717907,0.34102,0.71192,1.230669,0.990403,0.801518,0.048258,0.2779,0.377221,0.646596,0.965139,0.415515,0.140063,0.059284,0.346965,0.834166,-1.156561,-2.284863,-1.103413,0.452511,1.181288,1.191352,0.51419,0.714111,1.130483,0.739355,0.189951,1.387897,0.790139,0.031895,0.330094,0.197213,0.121961,1.030501,0.648283,0.819389,1.007924,0.124445,1.198742,0.728305,0.454239,-0.200196,-0.144694,0.565491,0.103924,0.616329,-0.262077,1.051286,0.555037,0.908418,1.046835,0.424273
ISL,0.773053,0.181,1.098718,-0.174784,0.023783,7.214611,0.373308,3.316617,-0.053097,-2.728757,2.295089,2.025761,0.975997,-0.322859,3.805545,-0.185909,-1.286124,3.696338,-0.263242,3.642303,-5.953117,3.403378,0.690285,1.545589,0.936075,-2.845664,2.509411,0.02689,5.980493,-1.787138,3.872356,3.427948,-3.521711,5.86681,3.285259,-0.463198,-0.685802,2.213874,1.108114,2.980982,-0.027261,3.820788,3.302298,5.035949,-3.818937,-1.324534,-0.04808,1.651372,-8.142039,0.985079,0.322002,0.002379,-5.60683,0.621485,0.721145,3.462151,-2.991488,0.643476,2.427706,0.953352,-0.79319,-1.466563,2.222158,0.215943,2.097719,-0.265761,1.719319,2.384903,-2.256102,0.328523,4.243101,-1.97527,2.341509,2.223877,-2.085666,2.475848,0.823813,4.56139,2.029306,2.476105,-1.40766,-1.696795,2.220909
KOR,0.593567,3.450609,0.781035,-0.562712,-7.022342,-0.648084,1.517303,2.339715,3.04318,4.517302,2.602457,2.991074,1.700056,1.46065,2.870641,-0.747609,0.95041,1.550677,1.522912,1.432986,2.31042,2.007175,1.937701,0.901539,-0.68474,0.018653,1.618451,2.570217,1.278554,0.687245,0.31188,0.585353,0.789344,1.849261,1.341676,0.991401,1.813501,0.553998,1.643197,0.646814,1.661665,1.61518,1.104841,1.923413,0.469677,0.497236,0.853314,-3.335256,0.095851,1.457818,2.842337,0.427146,2.209127,1.736918,0.989358,1.014242,0.972161,0.624912,0.723323,0.592207,0.601314,0.49049,0.361853,0.648706,0.673153,0.990023,0.851836,0.922688,1.033767,0.621925,0.668343,0.417472,0.842624,0.414165,1.261044,0.696234,0.502782,0.90449,0.474749,0.507872,1.062394,0.597968,1.534782
CHE,0.448526,1.093468,1.191962,0.932454,0.654545,0.872344,0.19061,-0.257038,-0.002553,1.081636,0.39138,2.282434,0.806046,0.554017,0.80018,0.794611,0.101004,0.246667,-0.185203,-0.189953,0.530137,-0.0032,-0.066026,-0.539429,-0.262682,0.019772,0.983127,1.035524,0.873848,0.425846,0.177275,0.242117,1.205824,0.978635,1.161695,0.929105,1.104761,0.820058,0.847441,1.350541,0.840832,1.27945,1.000279,0.352404,0.921603,0.537448,0.180375,-1.603076,-1.554804,-0.233778,0.881481,0.243734,1.123025,1.05407,0.380334,0.713192,0.381912,0.578062,-0.219524,0.528888,-0.054865,0.387893,0.430107,0.412405,0.248569,0.851805,0.594592,0.303841,0.761364,0.571941,0.495723,1.005111,-0.393342,0.180222,0.287932,0.548684,0.52266,0.253365,0.180241,-0.087713,0.133782,0.440819,0.624288
BEL,0.934908,1.484406,0.869175,0.572714,0.265224,0.333247,0.314047,0.247359,1.058963,1.346711,1.440492,1.180065,0.746971,0.657703,0.39783,0.886167,-0.058321,-0.058355,-0.204957,-0.058509,0.930716,0.878335,0.528045,0.310494,-0.39448,0.100471,0.385141,0.745236,1.55792,0.980637,0.87434,0.31904,0.395863,0.499524,0.386832,0.800325,0.628424,0.326861,0.842539,1.07727,1.28699,0.392894,0.772305,0.505071,0.577554,0.159397,-0.502933,-2.093672,-1.149859,-0.109119,1.113598,0.844355,0.475329,1.009306,0.441707,0.413236,0.661505,0.288705,0.223455,0.067289,0.194705,-0.193325,-0.038138,-0.120481,-0.319659,0.481026,0.48876,0.295625,0.302719,0.248196,0.387217,0.306803,0.413065,0.466214,0.058494,0.478394,0.2783,0.740719,0.110387,0.260801,0.686648,0.468257,0.251472
HUN,1.045378,1.015456,0.972524,1.004285,1.095057,1.413597,0.833242,0.216214,0.215281,0.968452,1.743326,1.12094,0.774962,1.072582,0.758993,1.592818,0.773891,0.868489,0.843708,0.78039,2.131115,0.489523,0.967299,0.992701,0.613589,1.170512,1.092687,1.18022,1.431935,1.098951,1.190538,0.494566,1.299095,1.576828,0.798348,1.187534,0.804303,1.301973,0.61411,0.859422,-1.020043,-0.146191,0.54692,0.299608,0.722119,0.491355,-0.144898,-3.330512,-4.069831,-0.157053,-0.04592,0.046989,-0.166056,0.643279,0.606603,0.102965,0.74489,0.029953,0.291985,0.840704,-2.259127,-0.229368,0.394183,-0.20594,0.662643,0.835478,1.245464,1.085821,0.960609,1.206906,0.797913,0.587148,1.391512,0.184633,0.702401,1.001006,-0.411643,1.192338,0.525818,0.81845,1.344577,0.946736,0.924853
PRT,1.502551,0.904474,1.354351,0.664314,1.42176,1.467778,1.197018,0.742256,1.319439,0.52342,0.878467,0.666423,2.229125,-0.581562,1.399889,0.759249,-0.237616,0.850786,0.127309,1.396476,0.255761,-0.452971,-0.609018,-0.628448,0.061825,-0.800218,0.748163,0.490413,0.913926,0.607213,-0.122742,-0.180014,0.757056,0.418968,-0.619848,0.208915,0.802124,0.929043,-0.171405,0.735059,1.11788,0.391531,0.173984,1.104458,0.02902,-0.512055,-0.232115,-1.343796,-2.300003,0.134096,0.935417,-0.006224,0.953325,0.558992,0.180891,-0.279001,-0.751166,-0.455518,-0.745298,-1.582267,-0.433486,-1.370412,-1.09457,-1.640134,0.303737,0.709552,-0.122006,0.950195,-0.484804,0.410423,0.173051,0.630397,0.684556,0.412464,0.148441,0.323935,0.310482,0.17066,0.947836,0.785421,0.908533,0.33256,0.458611
POL,6.141549,1.465565,1.187067,1.63571,1.7884,0.893215,1.214662,-1.610424,1.908318,2.006979,2.11731,1.207949,0.870245,1.120572,0.012119,0.966582,0.192825,-0.273638,0.628448,-0.136804,0.196774,0.575348,1.036556,0.587213,-0.184312,2.28449,1.402557,0.779675,2.146994,1.216529,-0.43616,1.477069,0.830949,0.397485,1.875357,0.805141,1.839676,1.333646,2.28317,1.501055,2.219997,1.251678,1.304513,2.386054,0.719038,0.553144,0.29314,-0.347641,1.57414,0.410025,0.405463,1.610615,0.102838,1.448318,1.221793,1.289107,1.169336,1.303513,1.261831,0.953416,0.096504,-0.229427,0.357715,-0.264243,0.217151,1.014683,0.763651,0.217561,1.070386,1.057392,0.822921,0.559137,1.378974,0.608089,1.182525,0.949605,-0.018783,1.075532,0.301809,1.843371,1.11321,0.948268,1.203978
NLD,1.103668,1.033663,1.440632,1.288405,1.246185,0.713855,0.815994,0.926223,1.741532,1.181354,1.23181,1.390621,0.783139,1.096795,0.875239,1.042048,0.243345,0.403814,0.084511,0.1351,-0.503467,0.318131,0.248787,0.006289,0.23195,-0.292304,0.003173,0.545475,0.990717,0.362355,0.273807,0.23207,0.371033,0.724162,1.353687,0.599645,0.767977,1.462059,0.485688,0.830874,1.104065,0.456798,1.205404,1.463893,-0.013834,0.373747,-0.32605,-0.856721,-3.16718,-0.219188,0.269346,0.501417,-0.063226,0.574098,0.375578,1.251342,0.636577,-0.092582,0.021108,-0.739696,-0.172865,0.09013,-0.387842,-0.773837,0.351494,-0.242018,0.628809,0.604399,-0.171919,0.534564,0.391702,1.123544,0.767965,0.007425,0.426675,0.348637,0.757283,0.326851,0.94998,0.692568,0.599144,1.466497,0.404701
SVN,0.803085,2.172453,0.688164,0.682046,0.605478,0.459051,0.968808,0.828599,1.471818,3.685109,-1.636972,1.755498,0.849674,2.023728,1.067438,0.647154,1.044208,0.229168,0.631909,0.858595,1.654402,0.131191,0.903266,1.703236,-0.002621,0.209211,1.086761,0.869943,0.783586,1.176262,1.324193,0.364894,1.258739,1.519788,0.83308,1.651454,0.868754,2.066518,1.709061,2.194986,1.7169,1.369448,2.038062,0.430888,1.451301,1.109003,-0.339374,-3.801024,-4.489192,-1.185525,0.161589,-0.153534,0.223412,1.05015,0.458469,0.74121,0.031766,0.372057,-0.415701,-0.824604,-0.245699,-1.360418,-0.541784,-1.164027,-0.183043,0.045498,0.481442,1.487371,0.279184,0.942021,0.750813,0.135021,0.554264,0.605603,0.224539,0.558738,0.81877,0.90229,1.439624,1.360318,1.228845,1.231313,1.003038
FRA,0.292035,1.315306,0.715865,1.112684,0.852352,0.755385,0.816418,0.666388,0.554764,0.918313,1.209888,1.240262,0.998551,0.863524,0.734991,0.773913,0.449005,0.256474,0.307424,-0.007507,0.392627,0.378114,0.369458,-0.012881,0.186911,-0.190268,0.716011,0.739973,0.928018,0.560178,0.369181,0.666348,0.270735,0.172259,0.504815,0.655708,0.84476,0.903019,0.061503,0.686461,0.767608,0.720974,0.368626,0.263439,0.383666,-0.454119,-0.318801,-1.459292,-1.639463,-0.180409,0.188513,0.627398,0.453961,0.602075,0.61836,0.569636,1.081201,-0.016302,0.230031,0.099366,0.072835,-0.10213,0.131808,-0.093103,0.007244,0.706701,-0.012246,0.42654,0.068723,0.208156,0.543827,0.024961,0.378736,-0.010135,0.388821,0.266338,0.569454,-0.055924,0.125899,0.530339,0.557778,0.622292,0.563318
EST,3.606866,3.235351,2.888413,2.235183,1.01678,-0.394331,0.248928,-1.920108,-0.449132,0.522072,1.228331,1.897092,4.03487,2.642075,1.231788,2.73049,1.294623,1.677121,0.573953,2.286077,0.343292,3.519246,1.484867,1.567346,2.547281,1.465655,2.778748,-0.057069,5.02616,-3.080482,4.522665,0.101841,2.856167,2.63601,2.776231,1.752885,3.072997,1.377386,3.212601,1.566578,3.054103,0.356743,-0.429335,0.898658,-3.831478,2.375873,-2.532915,-9.151014,-4.756474,-1.478557,-3.238619,1.183322,-0.445845,2.835694,0.774273,2.938571,1.884519,1.423482,2.011679,0.446636,1.478366,0.910781,0.712279,0.231723,0.984259,-0.451824,1.072995,0.292626,0.959942,0.845919,0.068926,1.83604,-0.995711,1.47773,-0.297143,0.711965,0.203426,0.417024,1.128578,1.511827,1.009473,1.2721,0.345588
SVK,1.122773,1.453474,1.635614,-0.419544,1.607638,0.037015,-0.732944,7.407696,-3.283455,-1.775653,-0.732889,-0.479828,1.145757,1.014164,0.652651,0.645964,0.653038,1.096498,0.420282,2.097109,0.348373,1.02135,2.22883,0.676059,1.775343,1.419219,0.387698,1.654801,1.260316,0.746113,2.304327,1.573686,1.293674,2.108221,1.664067,1.448823,2.367258,2.292017,1.905017,2.808345,2.112148,2.510688,2.389249,6.13716,-2.494853,1.192075,1.328792,1.040822,-9.115806,1.471662,1.480864,1.670384,1.258152,0.933768,0.963894,0.637948,0.554554,0.760884,0.545153,0.800938,0.253242,0.264262,0.236635,0.070326,0.422444,0.488074,0.580672,0.661054,0.716609,0.683774,0.759142,0.815673,1.093476,0.994586,1.127254,0.911496,0.701499,0.706406,0.683649,0.874007,0.826088,0.945939,0.807805
ESP,1.138604,0.913627,1.011273,1.444289,0.993648,0.756033,1.199044,1.050667,0.810131,1.507717,1.194599,1.176641,1.594599,1.227238,1.085426,1.10356,0.998137,0.794837,0.995173,0.708935,0.56911,0.751762,0.604872,0.751114,0.986773,0.679138,0.686295,1.026798,0.607509,0.775899,1.007325,0.615351,1.01158,1.019269,0.948226,1.045716,1.08293,1.044336,0.987264,0.94967,1.023037,0.811018,0.811016,0.860569,0.456195,0.055701,-0.755623,-1.007189,-1.599241,-0.968317,-0.311113,-0.062788,0.301871,0.181986,0.048466,-0.001479,-0.360552,-0.479135,-0.406484,-0.593118,-0.867865,-0.951458,-0.738862,-0.977024,-0.343069,-0.08381,-0.068202,0.285154,0.395421,0.386461,0.680301,0.750097,1.052112,0.848449,0.939295,0.917537,0.749247,0.787206,0.713549,0.682547,0.796753,0.860055,0.765055
CHL,1.094454,2.347896,2.369165,2.045483,-0.40595,2.002305,-0.463898,-3.508287,-0.318761,0.273996,2.503275,2.235366,0.370176,-0.018166,1.503207,1.249745,1.125862,0.789491,-0.629861,0.934177,0.915961,-0.245209,0.64697,2.064843,0.869568,0.510162,0.977636,1.418852,2.054469,1.515976,3.385146,1.652429,-0.436959,1.682713,2.316262,1.660958,1.066043,1.456365,1.260144,2.283058,1.554448,0.282432,-0.386455,2.30926,2.157014,0.199712,-0.707012,-0.352246,-1.652411,-0.443725,1.404778,1.354794,0.023166,3.337595,2.497281,1.391952,1.01743,1.523211,0.114451,2.34185,1.358742,1.427274,0.497583,1.782633,0.703205,1.065746,0.963,0.533163,0.103028,0.304807,0.152208,1.237963,0.400869,0.465492,0.39842,0.67148,0.64412,-0.287541,0.670184,-0.235696,0.069516,0.874702,1.46481
DNK,1.255106,1.717514,-0.282196,-0.01376,1.507865,-0.755396,1.837523,0.320681,0.905985,0.516308,0.618128,1.398747,0.975222,1.138441,0.276214,0.977776,-1.085721,0.488157,0.897802,-0.19724,-0.033449,-0.009897,0.340052,-0.33021,0.536071,-0.930017,0.343277,1.863055,0.481664,0.595451,0.235625,1.080781,-0.362962,1.968861,0.111446,0.324634,1.256683,2.982414,-0.666929,-0.270915,0.331255,-0.447908,0.939559,1.006095,-0.041687,-0.922558,-0.5842,-2.361437,-1.423578,-1.938253,0.34574,0.090766,0.863524,0.683473,1.585352,-0.225006,0.217843,1.002436,-1.243856,0.81732,-0.069587,0.075294,0.093938,-0.16163,0.563792,0.074217,0.633512,0.201104,0.253234,-0.072506,1.673983,0.358714,0.426024,0.137228,0.043803,-0.129683,1.139016,0.604996,0.431476,0.738509,0.670635,0.606339,-0.487554
AUS,0.597205,2.971803,0.124758,1.381258,0.780634,0.943989,1.904958,1.513686,0.71108,0.372818,1.158463,1.689729,0.429308,0.94273,0.169392,-0.383885,0.985199,0.84576,1.188049,1.21271,0.738235,1.775442,0.351516,0.679383,0.03858,0.333413,1.559492,1.774323,0.855975,0.743124,0.694056,0.731237,0.736097,0.479982,0.997184,0.949154,0.26287,0.224455,1.428486,1.171976,1.454936,0.607353,1.125231,0.507379,1.168004,0.201769,0.775262,-0.511896,1.042215,0.568246,0.283093,0.697128,0.498571,0.659101,0.606627,1.004949,-0.223656,1.061067,1.316256,1.076707,1.046719,1.014096,0.355499,0.51852,0.369615,0.554459,0.707137,0.733972,0.766303,0.64653,0.400639,0.391289,1.03879,0.269907,0.87293,0.493247,1.048098,0.844757,-0.334596,0.867713,0.41095,0.942778,0.596257
LVA,-0.392783,3.922158,2.231578,0.865557,4.181984,0.00097,-0.202367,-1.342046,3.070649,-1.807381,2.489749,1.765737,1.265925,0.205348,3.127831,-0.479719,1.287531,5.208333,-1.351776,3.117496,0.638211,2.633642,1.193892,3.69135,1.508973,1.854257,2.360162,1.094861,1.803987,2.634288,0.902246,2.857317,2.533046,1.995295,4.924499,3.390021,0.324077,4.216091,3.010677,4.322073,1.723691,1.958724,2.433755,-0.77801,-0.610522,-2.074487,-3.726372,-2.639072,-3.188902,-6.267643,-5.272462,0.486767,-0.386099,-0.515413,-0.266137,1.676492,1.273455,3.49463,2.055381,0.218776,0.264853,0.998886,1.3821,0.416394,1.398888,-0.54389,1.445973,0.585845,0.522946,0.115402,0.481151,0.594543,0.953179,0.986533,0.907501,-0.516094,0.05371,0.803275,0.197615,1.418985,1.738661,1.405598,1.538552
AUT,0.458377,0.414346,1.181366,0.992036,1.168543,0.892949,0.321146,0.136749,1.344623,0.748842,1.445575,0.868896,1.142652,0.637568,0.57198,0.822099,-0.023167,-0.154477,0.255545,0.69617,0.329064,0.390731,0.35346,0.313015,-0.078276,0.224226,0.561468,0.448993,1.091184,0.552198,0.540736,0.119681,0.542565,1.114256,0.402987,0.819735,1.207087,0.907621,0.861705,1.098844,0.948582,1.226981,0.244371,1.007701,0.86685,-0.544298,-0.561918,-1.53884,-1.504839,-1.036099,0.215381,1.093235,-0.679145,1.653814,0.940361,0.507589,1.463989,0.124829,0.176179,0.026309,0.919767,-0.681039,0.190656,0.091474,-0.561522,0.30782,0.558505,0.27224,0.108032,-0.01263,0.364346,0.321211,-0.058186,0.578481,0.391721,0.311764,0.256685,0.353579,0.328692,0.578953,1.278705,0.757601,0.818943
FIN,1.399694,1.615972,1.732953,2.080351,-0.160289,2.09283,1.777541,0.849796,1.250274,0.813316,0.310909,1.295891,3.373691,-0.232202,1.534566,1.01262,0.812947,0.017315,0.707326,-0.321709,0.514918,1.235355,-0.249383,0.963616,-0.867872,1.719413,1.163456,0.32994,0.911397,1.040503,0.893865,1.89291,0.217372,-0.20572,0.950055,0.421726,2.254492,0.488511,0.770075,1.03315,1.745156,1.681998,0.696387,1.790784,-0.370584,-0.729927,-0.002015,-1.778843,-6.819673,-0.539279,0.829903,-0.164614,0.422108,2.810981,-0.428006,2.005945,0.584918,-0.214682,0.30705,0.027071,0.027064,-1.660839,-0.332275,-0.660395,-0.00855,0.374107,0.296041,-0.37586,-0.596824,-0.147958,0.246961,-0.023564,-0.762803,0.891739,-0.218289,0.525469,0.753147,0.042352,0.937705,0.612339,1.219309,0.786607,0.377975
NZL,-0.375929,1.970915,-0.270424,-0.214072,-0.592105,0.506431,0.163188,0.997542,1.182963,0.841887,2.765296,1.244231,1.463532,0.04992,0.383403,0.190969,0.342045,1.428571,0.749121,1.484556,0.89326,1.357871,1.079596,1.356928,0.584361,0.485726,2.059095,1.276932,1.627619,0.969954,0.122872,0.419484,1.09099,1.762792,0.26567,-0.277891,1.585587,0.499724,0.668627,0.58852,1.109556,0.770852,1.060274,0.316571,-0.204313,-0.496625,-0.374837,-0.421233,-1.180747,0.004156,0.382338,1.095034,0.249805,0.876225,-0.137682,-0.622453,1.107847,0.667918,0.910038,0.490644,0.901382,0.260554,0.136778,1.492741,-0.119201,0.918173,0.690471,0.197007,1.370666,0.533393,1.302291,1.454026,0.328514,0.714247,1.025366,1.027337,1.139407,1.147337,0.725419,0.355001,0.758268,0.96422,0.603953
JPN,0.363594,-0.753556,0.323363,0.049169,-1.196196,-0.380444,0.15661,0.862436,-1.37361,0.484337,0.477416,-0.003457,1.941319,0.212788,0.078414,0.94489,0.579427,-0.471143,-1.117179,-0.254219,0.105122,0.788303,0.38762,0.271772,-0.114791,0.803837,0.397948,1.116565,0.776677,-0.036792,0.523216,-0.264301,0.481552,0.778375,0.959299,0.208916,0.069743,0.354097,-0.165326,1.209841,0.732829,0.12872,-0.446845,0.490656,0.302854,-0.495617,-1.276614,-2.277052,-4.891378,2.116498,0.027486,1.435148,0.863813,1.251888,1.825629,-0.727623,-1.554406,-0.488862,2.442101,-0.145262,1.122209,-0.60629,-0.383825,0.218484,1.101159,0.942233,0.771787,-0.0114,0.811957,-1.695613,-0.04186,0.690138,1.239685,0.130435,0.086148,-0.224849,0.543747,0.395836,0.21586,0.348761,0.374708,0.72087,0.62016
TUR,,,,,,-0.095249,0.495544,-2.592175,-2.53035,0.827989,0.381461,0.280583,0.955728,5.035754,2.334709,-0.281288,-4.49036,-5.155386,2.289808,-3.650652,5.620015,3.903793,1.353065,0.603124,1.448892,0.362453,2.89206,2.018129,4.008951,2.115163,0.352847,1.123807,5.499646,0.419311,1.025129,3.358647,2.064101,2.773807,-1.730059,2.986986,3.540213,-1.500318,-1.423104,5.081427,4.027451,-5.055762,-3.092393,-0.916155,-4.049454,1.961845,1.5701,2.143184,1.706515,2.583102,2.314438,3.556788,2.577497,2.181548,2.651322,1.09369,-0.388222,1.683077,1.58142,1.334811,3.620847,2.617872,1.346778,0.732303,2.671898,-1.57936,2.40776,1.434533,1.937374,1.453169,1.294221,1.041637,0.616156,1.231369,-2.646834,4.872836,1.644472,2.199078,1.185495
ITA,0.269242,1.358762,0.602947,1.643688,-0.649774,0.386465,0.133413,-0.464541,0.591036,0.427851,0.834802,1.417143,1.162668,0.712788,0.539811,1.54123,0.365454,-0.272407,-0.423914,0.04926,-0.082,0.491771,0.214915,0.388088,-0.298865,-0.315209,0.114716,0.800526,0.4621,0.325188,0.095414,0.163524,-0.249192,0.971345,0.667112,0.281046,0.356914,0.589135,0.354961,1.301884,0.160917,-0.100317,-0.036625,-0.147859,1.11003,-0.983617,-1.39823,-2.267806,-2.752453,-0.79444,0.57011,0.393539,0.420882,0.549152,0.528057,0.642077,0.30933,0.064023,-0.584539,-0.901115,-0.877688,-0.91678,-0.450494,-0.557644,-1.026108,0.008787,0.336245,-0.120005,0.032087,-0.079478,0.214047,0.135228,0.176087,0.388471,0.263405,0.337656,0.278495,0.112032,0.199853,0.436034,0.541848,0.343826,0.358372
IRL,3.17379,3.794389,2.144057,1.753879,2.206023,1.983349,4.036095,-3.051556,7.044086,0.229242,4.880906,2.293226,1.303447,2.568873,3.128335,1.123465,1.22431,1.225144,0.2974,1.652314,2.526141,0.791137,2.271989,0.924926,-1.549459,0.702979,1.580099,5.35068,-0.404206,2.007332,0.168768,2.142512,1.267034,2.088452,0.404133,2.6735,0.938169,0.75101,2.330367,0.210662,4.583369,-1.13411,-2.285404,4.329922,-2.950002,-1.971492,-0.593154,-3.843707,-0.342391,0.119044,-1.491165,-0.059381,1.443399,0.902381,0.917975,-0.209264,2.364219,0.370341,-0.384263,-0.20451,0.026077,0.884627,-1.280762,1.014409,-1.474462,2.020084,2.942356,-0.815712,3.778005,3.161916,0.58338,1.242777,21.581231,-1.120306,3.819888,0.567589,-0.300727,1.714817,0.706467,6.761221,-3.438403,2.718609,4.239715
MEX,0.417994,2.030761,2.016593,2.391313,1.046622,0.732247,0.373342,0.173519,1.436699,-0.002295,1.017869,1.103509,1.892537,1.593755,0.688115,-0.591793,0.035732,-0.507934,-0.040935,-0.417511,-0.577151,0.703092,0.760389,0.342928,0.177821,0.31792,-0.068952,1.066181,1.292731,1.722954,-0.213066,1.249182,0.25688,0.135295,0.970654,1.572269,1.787449,1.075539,0.172388,0.22531,0.738356,0.944604,0.365807,0.442152,-0.104815,0.855943,0.007418,-1.477539,-5.219713,-0.987295,2.70534,1.829439,1.255961,0.975447,0.737074,0.896654,0.699843,0.878289,1.581408,0.733887,0.620786,1.014671,0.468757,0.838727,0.458995,-0.872599,1.067126,0.545144,0.644202,1.322892,0.37461,1.089988,0.551937,1.047979,1.177475,-0.060569,0.973227,-0.010069,1.232276,1.032004,0.55124,0.281366,-0.291133
NOR,2.684948,2.412138,-0.107461,1.412775,0.964784,1.13314,-1.793664,0.511406,0.723264,0.045565,2.054779,1.720314,1.478127,-1.444081,0.970506,0.039198,1.16994,-0.177512,1.230892,0.869065,-0.87456,2.077757,-1.484079,1.129231,0.03408,-0.476169,1.405054,0.03189,3.514722,0.205817,-1.154707,0.982547,1.657142,0.524365,0.829699,0.224923,0.643876,0.125003,1.026201,1.830255,0.073937,-0.001542,1.283079,1.088262,-1.216353,0.049902,-0.182882,0.313413,-0.810142,-0.879533,0.064316,0.053304,1.967419,-1.063022,-2.481489,2.807256,0.038359,-0.413316,1.611159,0.051623,2.138217,0.235786,-1.449452,0.817261,0.218544,0.722449,0.980813,-0.177211,0.531782,0.703445,0.496856,1.036232,-0.096473,0.482055,1.2785,-1.181806,1.272965,-0.191916,-0.674015,1.435816,0.143201,1.140568,0.73019
CZE,-0.145859,-0.595835,-0.680576,-0.187721,0.193347,0.181571,-0.062457,0.070673,-0.077043,0.68896,1.017087,0.971816,1.210294,1.507561,1.311064,0.539332,0.757646,0.514335,0.37821,0.423966,0.117789,0.326629,0.731032,0.761769,1.0863,0.84707,1.047287,1.137313,1.056355,0.942518,1.686735,1.859049,1.676989,1.542252,1.505158,1.564433,2.188604,1.891378,1.220283,1.360352,1.637383,0.906588,1.491268,1.255712,0.231976,0.865723,0.226516,-1.632813,-3.515731,-0.74443,0.445819,0.231726,0.72601,1.024833,0.537275,0.502494,0.721028,0.226822,-0.131658,0.185478,-0.175615,-0.438966,-0.524312,-0.342524,-0.456926,0.198068,0.251056,1.31595,-0.12627,0.924594,1.272421,1.293028,1.605404,1.505145,1.167573,0.519266,0.307348,0.8257,0.180165,0.441961,1.516382,2.487335,0.461686
